<configuration>

	<appender name="STDOUT" class="ch.qos.logback.core.ConsoleAppender">
		<encoder>
			<pattern>web - %date [%thread] %-5level %logger{36} - %message%n
			</pattern>
		</encoder>
	</appender>

	<appender name="EMAIL" class="ch.qos.logback.classic.net.SMTPAppender">
		<filter class="ch.qos.logback.classic.filter.LevelFilter">
			<level>ERROR</level>
			<onMatch>ACCEPT</onMatch>
			<onMismatch>DENY</onMismatch>
		</filter>

		<smtpHost>smtp.example.com</smtpHost>
		<smtpPort>465</smtpPort>
		<SSL>true</SSL>
		<to>example@example.com</to>
		<from>example@example.com</from>
		<username>example@example.com</username>
		<password>password</password>
		<subject>%logger{20} - %m</subject>
		<layout class="ch.qos.logback.classic.html.HTMLLayout" />
	</appender>


	<logger name="org.springframework" level="WARN" />
	<logger name="org.springframework.transaction" level="WARN" />
    <logger name="java.sql.DatabaseMetaData" level="WARN"/>
    <logger name="org.hibernate.cfg.Environment" level="WARN"/>



	<!-- in order to debug some marshalling issues, this needs to be TRACE -->
	<logger name="org.springframework.web.servlet.mvc" level="WARN" />

	<root level="INFO">
		<appender-ref ref="STDOUT" />
		<appender-ref ref="EMAIL" />
	</root>

</configuration>